{
  "MainPage /login HTTP Request" : {
    "transaction" : "MainPage /login HTTP Request",
    "sampleCount" : 10000,
    "errorCount" : 0,
    "errorPct" : 0.0,
    "meanResTime" : 7851.308700000003,
    "medianResTime" : 8667.0,
    "minResTime" : 317.0,
    "maxResTime" : 17382.0,
    "pct1ResTime" : 9846.0,
    "pct2ResTime" : 10676.399999999943,
    "pct3ResTime" : 11784.99,
    "throughput" : 45.402332771857814,
    "receivedKBytesPerSec" : 33.386676344930606,
    "sentKBytesPerSec" : 19.242785569322553
  },
  "MainPage /rooms HTTP Request" : {
    "transaction" : "MainPage /rooms HTTP Request",
    "sampleCount" : 10000,
    "errorCount" : 0,
    "errorPct" : 0.0,
    "meanResTime" : 5571.28660000002,
    "medianResTime" : 5866.0,
    "minResTime" : 58.0,
    "maxResTime" : 11111.0,
    "pct1ResTime" : 7322.9,
    "pct2ResTime" : 7733.0,
    "pct3ResTime" : 10826.99,
    "throughput" : 46.55623527659059,
    "receivedKBytesPerSec" : 261.24231240164994,
    "sentKBytesPerSec" : 14.54882352393456
  },
  "Total" : {
    "transaction" : "Total",
    "sampleCount" : 30000,
    "errorCount" : 0,
    "errorPct" : 0.0,
    "meanResTime" : 6235.277899999999,
    "medianResTime" : 6329.0,
    "minResTime" : 30.0,
    "maxResTime" : 17382.0,
    "pct1ResTime" : 9437.0,
    "pct2ResTime" : 10053.850000000002,
    "pct3ResTime" : 11279.990000000002,
    "throughput" : 136.05318772618844,
    "receivedKBytesPerSec" : 330.8324584357511,
    "sentKBytesPerSec" : 47.69833436884926
  },
  "MainPage /me HTTP Request" : {
    "transaction" : "MainPage /me HTTP Request",
    "sampleCount" : 10000,
    "errorCount" : 0,
    "errorPct" : 0.0,
    "meanResTime" : 5283.238399999999,
    "medianResTime" : 5374.5,
    "minResTime" : 30.0,
    "maxResTime" : 10980.0,
    "pct1ResTime" : 6797.0,
    "pct2ResTime" : 7301.0,
    "pct3ResTime" : 10067.99,
    "throughput" : 45.98250825386023,
    "receivedKBytesPerSec" : 43.60255421337723,
    "sentKBytesPerSec" : 14.504248208981304
  }
}